,Transect,P,pH,litter_depth,O_depth,SOM,prop_pine_litter,prop_hw_litter,total_floor_litter,pine_floor_litter,hw_floor_litter,Broad_leaf_herbs,Grassy_herbs,Ferns,Shrubs,Max_height,All_plants,AM_basal,ECM_basal,hw_basal,pine_basal,num_stems,total_basal,ECM.AM,no_pine_saplings,PO4_release,root_density,ECM_abundance,SAP_abundance,AM_abundance,root_endophyte_abundance,contact_expl,short_dist_expl,med_dist_expl,long_dist_expl,Copiotroph_abundance,Oligotroph_abundance,Pdecomp_ECbac_abund,PO4uptake_ECfun_abund,Pdecomp_ECfun_abund,ECM_PO4uptake_ECfun,SAP_PO4uptake_ECfun,ECM_Pdecomp_ECfun,SAP_Pdecomp_ECfun,Oligotroph_Pdecomp_ECbac,peptidase_phosphatase_top_fun_abundance,NPdecomp_top_bac_abundance,fun_pmin_pos_module_abundance,fun_pmin_neg_module_abundance,bac_pmin_pos_module_abundance,bac_pmin_neg_module_abundance,bac_richness,bac_shannon,fun_richness,fun_shannon,bac_evenness,fun_evenness,edaphic_PC1,bac_copy_number,ITS_copy_number,soil_temp2022,soil_moisture2022,Copiotroph_Pdecomp_ECbac,soil_percN,soil_percC,EMF_richness,EMF_Shannon,DMhydrolase_ECbac_abund,CPhydrolase_ECbac_abund,Poxidoreductase_ECbac_abund,phosphatase_ECbac_abund,Phydrolase_ECbac_abund,Copiotroph_DMhydrolase_ECbac,Oligotroph_DMhydrolase_ECbac,Copiotroph_Poxidoreductase_ECbac,Oligotroph_Poxidoreductase_ECbac,Copiotroph_phosphatase_ECbac,Oligotroph_phosphatase_ECbac,Copiotroph_Phydrolase_ECbac,Oligotroph_Phydrolase_ECbac,DMhydrolase_ECfun_abund,phosphatase_ECfun_abund,Phydrolase_ECfun_abund,Poxidoreductase_ECfun_abund,ECM_DMhydrolase_ECfun,SAP_DMhydrolase_ECfun,ECM_phosphatase_ECfun,SAP_phosphatase_ECfun,ECM_Phydrolase_ECfun,SAP_Phydrolase_ECfun,ECM_Poxidoreductase_ECfun,SAP_Poxidoreductase_ECfun,Litterfall_wt,Litterfall_wt_only_leaves,Al_litterfall,B_litterfall,Ca_litterfall,Cu_litterfall,Fe_litterfall,K_litterfall,Mg_litterfall,Mn_litterfall,Mo_litterfall,Na_litterfall,P_litterfall,S_litterfall,Zn_litterfall,N_litterfall,C_litterfall,lit_perc_P,lit.CN,lit.CP,lit.NP,ECM_nitrifiers_cor,ECM_copios_cor,SAP_nitrifiers_cor,SAP_copios_cor,ECM_oligo_cor,SAP_oligo_cor
1,HF1E,762.6833333,4.103333333,1.2,4.425,0.459035689,0.003431965,1.014223193,0.036025,0.00011875,0.0315375,1.75,0.375,2.75,0.5,0.5325,5.75,70.50033464,218.3210584,288.8213931,0,5,288.8213931,3.12313183,21,-0.006974532,2.105084252,0.489607433,0.39028668,0.001519098,0.000887104,0.135995533,0.126719228,0.223580084,0.005235386,0.274207433,0.095864833,0.4725,0.040870189,8.752761455,0.340413112,0.62604418,0.558691165,0.420307522,0.251598619,0.134516754,0.185508041,0.573842081,0.39661137,0.230671996,0.478343443,388.375,5.29884521,131.2857143,3.21483145,0.890637932,0.661301603,-0.085809763,1752575.796,8681247.731,61.5,0.316538102,0.272972203,1.09192158,24.98408616,22.57142857,1.353746952,0.04,0.0075,1.3725,3.66375,4.15,0.916666667,0,0.272336155,0.052269175,0.50240583,0.048913795,0.454188098,0.14859717,0.006250452,10.68987237,28.31398337,3.227914329,0.697507974,0.302492026,0.623987611,0.35376457,0.575490843,0.404680492,0.528909475,0.450815027,99.25,82.37,42.33,20.85,9488,4.92,39.57,1994,2081,2796,0.7852,32.4,755.2,668.4,31.27,0.93,48.28,0.0007552,51.91397849,63930.08475,1231.461864,-0.178174161,-0.428571429,0.04454354,0.5,-0.5,0.571428571
2,HF1H,2089,4.845,3.1,8.1,0.289904769,0.002970951,1.004397303,0.043575,5.00E-05,0.035125,2,0.9,0.4,0.3,0.2912,3.9,222.6455105,161.6835968,384.3291073,0,7.6,384.3291073,95.08088828,0.4,-0.004192266,2.891273734,0.499389148,0.307647905,0.005510333,0.000119001,0.160571723,0.051812927,0.286598179,0.007658915,0.326389982,0.078512008,0.51,0.032100111,8.067826873,0.47901358,0.404273067,0.649491003,0.305566761,0.059149799,0.258281645,0.166756043,0.547983188,0.503075298,0.241529622,0.541003658,402.8,5.284137358,143.2,3.254016195,0.882970422,0.655136974,0.790355255,5941956.982,2591213.528,61.2,0.249045293,0.571132217,0.829665411,14.77614088,22.5,1.094963356,0.072,0.008,1.421,3.912,4.48,0.960714286,0,0.338334174,0.027826581,0.606703968,0.02249297,0.581066021,0.072970916,0.009963411,11.32898074,27.36706785,4.065826397,0.771047359,0.228952641,0.678689168,0.276094542,0.656900288,0.298960941,0.652954233,0.29856328,114.38,101.1,645.5,27.74,11650,6.71,37.82,3008,1705,1231,0,74.08,1131,695.2,75.29,0.91,47.86,0.001131,52.59340659,42316.53404,804.5977011,0.054545455,-0.357575758,-0.224242424,0.187878788,0.127272727,0.03030303
3,HF1M,2669.333333,4.7575,2.75,2.5,0.319983157,0.644948465,0.36043249,0.034525,0.0165375,0.00923125,3,0,0.5,2.375,0.7025,6.125,97.7573428,517.6725404,225.0259909,382.4461452,4.5,615.4298832,178.3101642,1,0.034298287,1.153304521,0.507396695,0.258594456,0.000565468,0.000324544,0.095095623,0.164065563,0.223961707,0.010928379,0.337238951,0.081294812,0.3375,0.053111036,8.474943699,0.559525669,0.36434712,0.636878316,0.260798124,0.085099347,0.229415906,0.118654617,0.333183075,0.335527685,0.252406506,0.544495501,475,5.563280127,148.75,3.330760422,0.906093608,0.667250489,1.027040566,1700791.572,1741166.918,60.75,0.366565701,0.646732559,0.681276292,12.71945508,20.5,1.175182705,0.06125,0,0.93625,2.9575,3.36125,1,0,0.477524991,0.0326853,0.711572081,0.030609786,0.646027751,0.079465965,0.005836256,11.02401487,28.48197756,4.343263805,0.921978575,0.078021425,0.660808676,0.241032875,0.644800215,0.253248158,0.648007369,0.25383841,85.3,73.87,2061,30.62,9612,7.97,74.05,4640,2319,1462,0.6241,117.4,1566,873.2,65.61,1.19,47.88,0.001566,40.23529412,30574.71264,759.8978289,-0.238095238,-0.023809524,-0.142857143,-0.214285714,0.476190476,0.071428571
4,HF1P,1027.566667,4.3025,3.125,6.25,0.298817406,0.57712137,0.459079408,0.06406875,0.02401875,0.01776875,2.875,1,0.125,0.125,0.536875,5.375,42.76254588,546.2130006,215.7683458,373.2072007,6.25,588.9755465,87.38005472,2.5,-0.028299004,2.550623998,0.512275905,0.226288836,0.00265554,7.10E-05,0.253657247,0.037750875,0.150445735,0.047381284,0.302056442,0.105448191,0.4325,0.070281436,8.006901294,0.499762845,0.346478348,0.553522089,0.330160157,0.186181872,0.182103991,0.162221481,0.477398763,0.394486184,0.248572543,0.531351654,453.5,5.44624005,136.5714286,3.169636688,0.892102096,0.646462932,0.956386265,2121587.799,3011327.585,61,0.219101639,0.470077535,0.944232561,18.64857936,19.71428571,1.245914895,0.06375,0.005,1.1225,3.23375,3.7875,0.971875,0,0.337700609,0.057879461,0.58105637,0.053447054,0.529495089,0.121410801,0.010576067,11.15028128,26.56084885,3.636010757,0.871453885,0.128546115,0.584235705,0.304010618,0.559495072,0.324604198,0.573425128,0.311679144,128.82,83.14,78.36,20.4,11100,7.05,43.08,3600,1801,577.5,0,58.7,1157,805.9,87.14,1.02,49.96,0.001157,48.98039216,43180.63959,881.5903198,-0.018018749,0.071428571,-0.882918713,-0.642857143,0.142857143,0.214285714
5,HF2E,860.2,3.63125,1.375,4.875,0.57255566,0.008208711,0.994361908,0.02585,0.00018125,0.02211875,2,0.375,0.875,0,0.33625,3.875,21.28955991,178.7544765,195.5308001,4.513236298,10.25,200.0440364,48.00337562,17,0.024675498,4.083912009,0.604857461,0.319212391,0.000995376,0,0.257310321,0.039146508,0.304693267,0.00391857,0.257423106,0.113319679,0.5325,0.073504446,8.898655631,0.677764747,0.291187877,0.741084467,0.242900082,0.333449406,0.252895183,0.189953187,0.589447257,0.542994357,0.232493115,0.463152383,389.25,5.28746551,103,2.754498043,0.889694671,0.598377309,-0.580304053,1263432.299,5533308.318,64.75,0.348681032,0.218809876,1.141148478,30.12240553,22.25,1.356263528,0.04375,0.0075,1.5175,3.8975,4.54375,0.71875,0,0.22835738,0.100629309,0.456040409,0.098573502,0.418976088,0.217030316,0.014640624,12.22864139,29.91484267,4.202490654,0.833010327,0.144770176,0.779965805,0.203814577,0.751187662,0.233512584,0.708223634,0.277063485,92.4,89.64,49.76,24.4,6811,5.45,44.54,2562,1510,4230,0.3421,41.29,1063,644.7,52.46,0.88,51.17,0.001063,58.14772727,48137.34713,827.8457197,0.08247861,0.071428571,-0.412393049,-0.357142857,0.023809524,0.452380952
6,HF2H,962.7666667,4.525,1.075,8.25,0.573701011,0,0.98215337,0.02589375,0,0.0212625,1.25,0,3.5,0,0.46475,5.25,121.4445719,228.2055088,294.2430725,10.61583365,5,349.6500808,80.19948403,1.5,-0.032868866,6.488855437,0.49559047,0.321464558,0.003080923,0.001997428,0.36476456,0.025513915,0.125307871,0.000692908,0.340633135,0.087877015,0.47,0.026746975,7.289547673,0.628838911,0.293308041,0.609522054,0.329356419,0.1441355,0.270330648,0.15900956,0.467500894,0.291125337,0.251076957,0.523343238,471.375,5.493286236,127.25,2.561928003,0.894012949,0.529270795,-0.541111668,1172488.696,4882811.937,63.25,0.558067948,0.585933933,1.557765802,31.42663781,14.875,0.721379711,0.07625,0.01125,1.11625,3.255,3.95375,0.963636364,0,0.41211014,0.058960227,0.672608196,0.046515163,0.619366812,0.105608493,0.008951844,12.4845278,25.3964014,3.201270006,0.636579623,0.363420378,0.630799195,0.311657005,0.613974451,0.326795065,0.599417578,0.334118588,139.82,89.51,45.62,26.32,11910,5.44,53.5,2766,2074,1135,0,64.18,622,608.6,78.4,0.9,49.82,0.000622,55.35555556,80096.46302,1446.945338,-0.714285714,-0.19047619,0.333333333,-0.047619048,0.476190476,-0.571428571
7,HF2M,1144.466667,4.0225,1.25,4,0.465585006,0.027165424,0.98479128,0.02823125,0.0007375,0.024425,1.375,0,0.5,1.375,0.3635,5,27.86405166,150.5534142,175.7864357,2.631030153,7.5,178.4174659,5.435122785,17.25,0.013328187,3.90059729,0.784545776,0.138194029,8.91E-05,0,0.459080688,0.004114866,0.253825597,0.005180375,0.287448562,0.113698438,0.557142857,0.023768912,10.36109217,0.721624505,0.247899686,0.751176867,0.224700489,0.333735512,0.454786002,0.187992212,0.77177653,0.593575191,0.239361121,0.488775346,419.1428571,5.356491713,93.5,2.51551488,0.889676832,0.555218153,0.097034367,1115605.937,3002919.738,63.25,0.325189822,0.320444037,1.075835726,25.64215648,23.33333333,1.487306656,0.054285714,0.017142857,1.43,3.721428571,4.55,0.866883117,0,0.29505034,0.1052896,0.55070688,0.085347425,0.470702522,0.197742111,0.020848765,16.85258716,35.48290531,4.5037713,0.981786296,0.018213704,0.789668649,0.185238839,0.753172828,0.22281893,0.728827375,0.248581228,105.13,73.3,46.5,22.57,7150,9.14,60.05,1891,2248,1992,0.4053,28.61,835.5,671.5,42.8,0.81,49.5,0.0008355,61.11111111,59245.9605,969.4793537,-0.392792202,-0.714285714,0.654653671,0.771428571,0.771428571,-0.771428571
8,HF2P,891.3333333,3.997777778,2.277777778,5.111111111,0.509543432,0.720293648,0.293840148,0.049585,0.033165,0.006845,2.5,0,1,0.2,0.2864,4.6,75.83223744,515.511455,239.0593189,340.3302458,9,591.3436925,15.12169532,1.2,0.036141955,3.05346477,0.723539687,0.183639582,0,9.09E-05,0.581691995,0.002715041,0.106590215,0.033551889,0.294648886,0.111536407,0.5,0.027941137,15.17540094,0.705904289,0.250510736,0.731365057,0.237802559,0.359753965,0.634535832,0.168326917,0.725194479,0.716585469,0.234618055,0.483512589,421.6666667,5.463711473,120.8888889,2.536363955,0.907338595,0.53030656,-0.181667034,1335379.83,3071728.979,62.4,0.271352638,0.280746886,1.278988457,27.62294598,13.77777778,1.16015622,0.045555556,0.014444444,1.342222222,3.634444444,4.321111111,0.919444444,0.007407407,0.291492012,0.118603754,0.548176679,0.105014193,0.470184282,0.237158125,0.026755736,19.36789009,48.11805538,5.542051474,0.902663959,0.097336041,0.864565562,0.115636145,0.856661041,0.123923399,0.738644875,0.232805867,70,70,159.3,16.33,4929,3.86,66.06,2051,882,391.3,0,21.53,720.3,620.4,47.91,0.95,50.25,0.0007203,52.89473684,69762.59892,1318.894905,-0.70747497,-0.883333333,0.479257238,0.733333333,0.466666667,-0.2
9,HF3E,848.8833333,4.339,3.3,5,0.440529582,0.002087548,0.999497453,0.079665,9.00E-05,0.066875,2.2,0.1,1.3,0,0.3109,4.2,92.61385294,214.6989041,306.0520908,0,7.8,307.3127571,4.529477424,13.4,-0.001644941,3.602194921,0.651531548,0.225118834,0.000930767,0.00014942,0.329036934,0.072228536,0.252164131,0.000558884,0.311212003,0.100801463,0.49875,0.098712266,11.6084121,0.66222776,0.300055345,0.714373277,0.259883461,0.196116581,0.315481504,0.204212741,0.601314435,0.523220073,0.239624463,0.523756837,439.5,5.35812805,129.7777778,3.021325042,0.881592454,0.623629267,NA,6243610.135,3327594.526,62.4,0.325118043,0.445083228,1.286501234,27.01570988,21.77777778,1.36836357,0.06375,0.0175,1.4475,3.78875,4.47125,0.952272727,0,0.332663181,0.061517199,0.613919587,0.052231205,0.552465351,0.120292355,0.017862205,15.93610103,38.90427311,5.424322285,0.915265498,0.084734502,0.75283971,0.221793817,0.720302934,0.254519829,0.690385822,0.284651366,114.47,92.07,30.74,35.3,10830,6.06,38.8,2475,2521,1725,0.5087,49.08,565.6,513.1,173.7,0.95,48.97,0.0005656,51.54736842,86580.62235,1679.632249,-0.292770022,-0.071428571,0.219577516,0.19047619,0.095238095,-0.119047619
10,HF3H,866.4166667,5.119,3.4,3.1,0.164106035,0.000796311,0.993207612,0.052585,3.50E-05,0.04511,2.3,1.7,0.6,0.2,0.6914,5.7,301.1822678,9.725321952,310.9075898,0,2.4,310.9075898,9.927832677,1,-0.022771653,4.715194484,0.00604675,0.612473524,0.009723216,0.000204509,0.001125515,0.000320609,0.015583422,0.002669624,0.362241383,0.060215835,0.40125,0.039715226,2.974971547,0.01370795,0.658041324,0.009650171,0.638122762,0.003289474,0.001125515,0.093786523,0.207678457,0.102485499,0.228307043,0.57232555,538.875,5.593925096,181.2857143,3.50776204,0.892641,0.675392105,1.877807608,14008714.92,246110.4601,62.6,0.279858291,0.78264244,0.77675044,13.36313423,3.428571429,0.032968558,0.08,0.0025,0.9375,3.17625,3.65375,0.954365079,0,0.508683017,0.00210084,0.684172908,0.010440411,0.649526894,0.016537628,0.000738753,4.002027849,9.41694884,1.487835018,0.099789506,0.900210494,0.01145266,0.61645018,0.010013352,0.632791728,0.009799786,0.630033387,106.06,103.55,155,26.31,12660,6.49,46.67,2844,1413,404.7,0,41.82,814.4,852.2,16.41,0.97,47.73,0.0008144,49.20618557,58607.56385,1191.060904,-0.5,-0.892857143,-0.392857143,0.285714286,-0.714285714,0.5
11,HF3M,606.3833333,4.07375,1.625,6.625,0.677450991,0.41862868,0.596389421,0.0403,0.00788125,0.014375,2.125,0.5,1.25,0.25,0.36825,4.875,102.5656126,297.5258421,143.0333431,257.0581116,7,400.0914548,3.034311038,1,0.006300085,3.700286505,0.645919466,0.256877527,0.001085282,0.000131046,0.436226611,0.036178188,0.115882537,0.056677979,0.29910361,0.10567761,0.505,0.128461772,11.27439825,0.669553766,0.322310566,0.71034153,0.280097727,0.41303466,0.330472109,0.180832392,0.541803248,0.436004728,0.252717747,0.491643861,378.375,5.296749501,113.875,2.812387059,0.895108822,0.593774365,-0.916137311,3990770.611,3969725.272,64,0.482553408,0.173404814,1.488609503,34.28053951,18.875,1.274263623,0.0325,0.0075,1.49625,3.6525,4.2975,0.9375,0,0.222456684,0.12586929,0.474450524,0.1161854,0.412077222,0.263167999,0.005619176,14.67873705,37.89358236,4.192728886,0.798986785,0.201013215,0.758545716,0.2322902,0.73570435,0.255867469,0.680062675,0.311162689,101.44,88.54,46.65,21.6,9695,4.36,35.19,3226,1919,1725,0,45,502.1,590.8,39.29,0.82,48.9,0.0005021,59.63414634,97390.95798,1633.140809,-0.483196757,-0.523809524,0.483196757,0.547619048,-0.166666667,0.238095238
12,HF3P,734,4.71375,2.875,3.75,0.223678928,0.636247648,0.401787257,0.0634125,0.02830625,0.01836875,3.5,0.25,0.375,0.25,0.422,5,55.4046209,302.1441207,60.97285553,296.5758861,4.25,357.5487416,16.25431202,0,0.004928571,1.071966202,0.327037991,0.386435241,0.00287098,0.004017807,0.205845,0.006416841,0.069447889,0.049708391,0.326718272,0.089260585,0.377142857,0.051711833,7.437067765,0.658778594,0.257176778,0.587937069,0.317417581,0.064536316,0.196673163,0.107949472,0.428021737,0.280730606,0.258607797,0.535481901,469.7142857,5.534038292,191,3.825590808,0.90320655,0.732209462,1.542818394,10625754.36,963730.9835,62.25,0.261789867,0.747020283,0.807608378,11.81606693,18.2,0.824475333,0.06,0.002857143,0.888571429,2.934285714,3.462857143,0.961734694,0,0.534688763,0.04687557,0.700221014,0.049408415,0.662377538,0.098680295,0.01244284,11.03989749,24.85008151,3.509512885,0.772668253,0.227331747,0.604039961,0.299012284,0.589178572,0.316252303,0.589337131,0.324573267,63.51,62.83,116.8,16.49,8062,5.42,60.14,1840,1444,772.1,0.6367,25.17,438.2,663.2,29.24,0.76,47.84,0.0004382,62.94736842,109173.8932,1734.367869,-0.7,-0.1,0.5,-0.2,-0.6,0.7
13,US1E,846.2666667,4.27375,1.675,5,0.463976471,0.00123967,1.00126462,0.04141875,1.88E-05,0.0278125,2.375,0.125,0.125,1,0.425375,3.75,23.87642456,260.3532158,283.6495206,0.580119768,7,284.2296404,14.86943994,8.5,-0.000420446,4.618074103,0.786279844,0.114844919,0,3.35E-05,0.097431109,0.24775222,0.340021958,0.000895091,0.25742199,0.111221697,0.522857143,0.230868884,11.11127829,0.759687526,0.177709455,0.821497759,0.16204667,0.233390568,0.168891081,0.1948086,0.309191196,0.384748046,0.242340995,0.488886778,380.5714286,5.217344809,89.71428571,2.598115298,0.883094119,0.580954008,0.024234985,3743029.324,4242239.407,64.5,0.264221226,0.15495893,1.298805427,27.82004433,21.14285714,1.588631201,0.04,0.004285714,1.668571429,4.168571429,4.638571429,0.976190476,0,0.235731507,0.064457103,0.475803967,0.063771935,0.437395215,0.178547922,0.005802357,17.12691082,39.87532001,6.083712779,0.808087553,0.179225982,0.828745437,0.154038049,0.826461114,0.156931648,0.81962764,0.16132745,107.72,98.3,601.9,35.33,9096,5.9,47.07,3388,2224,1611,0,60.32,644.9,723.4,48.15,0.99,48.75,0.0006449,49.24242424,75593.11521,1535.121724,-0.579066024,0.392857143,0.267261242,-0.464285714,-0.464285714,0.464285714
14,US1H,647.05,4.8325,0.8,16,0.649595509,0.001524418,0.991229306,0.03728125,3.75E-05,0.0250125,2.375,0.75,1.5,1,0.82225,5.625,267.3564311,31.41579315,298.7722243,0,6.5,298.7722243,0.769164532,0.5,0.002363422,2.937891517,0.165398588,0.374912795,0.019093232,0.006641796,0.138183873,0.005526467,0.008656523,0.020828945,0.28751049,0.087252323,0.428333333,0.021491948,6.055549986,0.231567703,0.700584017,0.23144799,0.619689502,0.142563589,0.137938208,0.140032031,0.309804046,0.301434763,0.264039448,0.519429847,479,5.616626027,183.25,3.674454624,0.91102436,0.704702816,-1.11004404,6615074.282,1361915.585,63.75,0.526769945,0.440578233,1.873274189,39.14003353,5.25,0.273069769,0.045,0,1.085,3.27,3.595,0.862179487,0,0.332460594,0.050401092,0.512876658,0.045298843,0.501302326,0.132368903,0.009394562,8.191013276,20.25676921,2.655271129,0.274132436,0.384135722,0.237650079,0.590879332,0.236573778,0.613234338,0.234740106,0.640689575,71.28,70.18,29.46,21.23,12340,5.53,54.53,911.4,1777,670,0.4681,67.32,273.4,687.7,42.28,0.79,49.85,0.0002734,63.10126582,182333.5772,2889.539137,0.5,0.5,-1,0.5,-1,0.5
15,US1M,656.4833333,3.26,2.8,8.2,0.797165709,0.404728338,0.590069714,0.10377,0.01524,0.01964,3.3,0.1,0.2,0.4,0.603,4.5,85.38041993,293.8738728,208.1523839,171.1019089,5.8,379.2542927,141.0854435,11,0.00972447,5.059000632,0.709717502,0.20797513,7.56E-05,0.001018927,0.335867818,0.019173384,0.348688147,0.00627519,0.249344692,0.142040495,0.819,0.100458542,12.31715245,0.635761019,0.343647042,0.688172039,0.285750403,0.464309339,0.404339235,0.238676677,0.630711463,0.639579119,0.242418508,0.49208521,355,5.16912453,92.44444444,2.73453243,0.881952506,0.60464182,-1.748877584,4547642.786,3990485.051,64.2,0.25448745,0.08287683,1.628697356,48.94649188,20,1.433531857,0.036,0.005,2.23,5.306,6.365,0.516666667,0,0.145424196,0.150470645,0.310839182,0.14026321,0.282464443,0.313436353,0.008885426,16.53231867,42.19468253,5.736043521,0.790077476,0.209922524,0.727617822,0.247388021,0.695568507,0.279301554,0.661051177,0.310878439,98.97,88.21,127.5,19.58,3973,3.57,61.58,2154,1269,531.3,0,29.11,509.3,545.3,42.47,0.76,51.62,0.0005093,67.92105263,101354.8007,1492.244257,NA,0.55,NA,-0.516666667,0.016666667,0.05
16,US1P,698.8,3.8725,2.25,7.875,0.557103806,0.986608705,0.019559051,0.0923625,0.0722875,0.0012375,2.75,0.625,0,0.625,0.32125,4.625,26.22654624,543.9420585,26.22654624,543.9420585,6.75,570.1686048,344.8063134,17.5,0.012693421,2.867479241,0.493267034,0.311350958,0.002924557,0.004302206,0.258699099,0.022972871,0.189129149,0.03676688,0.269851387,0.148318453,0.68125,0.047033705,8.733935814,0.418180075,0.491775842,0.517426229,0.409180088,0.419436448,0.281240341,0.212381716,0.3241214,0.388552478,0.227621514,0.519856548,393.625,5.360158351,125.375,3.048102062,0.900051285,0.635924079,-0.19586167,8435928.462,963033.6891,64.25,0.189283581,0.21773837,1.221492921,30.4281822,10.75,1.001012,0.04875,0.00375,1.775,4.78875,5.6825,0.75,0,0.23068221,0.136027961,0.439136271,0.129945469,0.406804203,0.27597576,0.008808629,13.23138887,30.08412637,4.504484394,0.606258641,0.327415727,0.551305969,0.374676931,0.521538661,0.399671381,0.518012337,0.413944606,126.68,115.53,259.5,18.73,5212,2.25,61.16,762.1,1030,1103,0,24.7,495.6,496.6,65.65,0.62,51.59,0.0004956,83.20967742,104096.0452,1251.008878,-0.545544726,-0.238095238,0.264978867,0.023809524,0.047619048,0.261904762
17,US2E,1135.566667,4.39,1.575,7.925,0.500048009,0.203490783,0.854826688,0.09183125,0.00714375,0.02915,2.125,0.375,0,2.875,0.5905,5.5,5.130160648,273.1584246,268.8483098,9.44027545,6,278.2885852,271.3232468,6,-0.049669644,3.105424173,0.786948768,0.103232611,0,0.000290318,0.290726594,0.069837011,0.423604358,0.002819274,0.28115999,0.11331343,0.60125,0.150283147,11.42780726,0.832128695,0.139207876,0.844509715,0.129298187,0.214307441,0.297940121,0.201189207,0.574050518,0.610610706,0.264029009,0.560964807,444.625,5.352270215,93.28571429,2.393139187,0.880272779,0.527070283,-0.072395962,14555971.55,2448604.015,67,0.270998157,0.304979785,1.094245593,24.293842,19.57142857,1.341572088,0.0575,0.00375,1.7625,4.29875,5.00625,0.848511905,0,0.272954739,0.066061773,0.448892971,0.061079804,0.419676028,0.146485663,0.015631353,16.17411699,38.76760339,5.920478532,0.845314741,0.016952355,0.865719931,0.10951561,0.850064995,0.124402041,0.82498804,0.148614158,71.82,71.82,177.4,36.92,10920,5.82,39.24,3173,2255,1075,0,68.98,913.8,809.5,48.23,1.05,49.11,0.0009138,46.77142857,53742.61326,1149.047932,-0.579066024,-0.392857143,0.579066024,0.5,0.392857143,-0.285714286
18,US2H,671.05,4.48875,2.225,6.875,0.335731407,0,0.993344944,0.08089375,0,0.0584375,3.125,0.25,0.375,1.125,0.7555,5.125,3.635496787,239.3606788,242.9961756,0,11.25,242.9961756,126.5139834,0.25,-0.087933352,3.458699558,0.498077702,0.327073094,0,0.00044322,0.194691769,0.1182566,0.184002129,0.001329283,0.313623698,0.090536684,0.602857143,0.057128271,9.754381381,0.622595797,0.346673484,0.611626252,0.344003904,0.170361413,0.200399318,0.213684581,0.48391837,0.611932437,0.212174258,0.578516047,473.2857143,5.478523077,128.6666667,2.864714219,0.892001307,0.586373411,0.996953218,9669887.089,3828170.6,68.25,0.183115822,0.422232206,0.905057316,19.09878103,20.33333333,1.193976728,0.061428571,0.002857143,1.664285714,4.327142857,4.918571429,0.959183673,0,0.305735204,0.04456359,0.520892922,0.041901383,0.518676456,0.121811558,0.011686582,13.59103698,32.91184047,4.070057336,0.815936325,0.184063675,0.658183993,0.300031501,0.634202912,0.324015145,0.61234146,0.341284587,89.63,87.24,129.5,33.31,6045,5.6,44.82,3072,2687,881.6,0,66.26,803.8,768,48.51,1.09,50.59,0.0008038,46.41284404,62938.54193,1356.058721,-0.463816829,-0.371428571,0.608759587,0.428571429,0.428571429,-0.371428571
19,US2M,813.5666667,4.02375,2.625,10,0.600237687,0.567487763,0.419495415,0.11868125,0.0336875,0.018175,2.375,0.25,0.25,0.375,0.22475,3.25,0,326.3822249,208.7991498,117.5830751,6,326.3822249,327.3822249,1.5,-0.003545576,1.523575972,0.748852445,0.135369304,0.000576606,0.000263109,0.450904845,0.016954411,0.247920195,0.019968228,0.283372119,0.11056927,0.62625,0.068896508,13.55822235,0.826172482,0.149211079,0.818794074,0.158021812,0.359711661,0.525114455,0.208268267,0.646557328,0.591643337,0.240045612,0.543792495,443.375,5.415015333,116.375,2.85773061,0.892870483,0.601943559,-0.658154853,20810991.41,3840998.401,65.75,0.352433782,0.216004404,1.23094455,29.92619667,21.875,1.58178733,0.055,0.00125,1.64875,4.35,5.1125,0.786111111,0,0.244945171,0.095893025,0.412324455,0.088295153,0.385208712,0.218642639,0.022579034,20.55750046,46.1621661,6.493464434,0.979902797,0.020097203,0.845898922,0.13426253,0.826686134,0.151158596,0.803623506,0.170719454,92.36,86.97,383.5,34.28,6652,5.01,41.47,2425,2180,1019,0.2474,50.27,955,664.4,49.66,1.11,49.32,0.000955,44.43243243,51643.97906,1162.303665,-0.654653671,-0.380952381,0.732588632,0.571428571,0.547619048,-0.595238095
20,US2P,847.3,4.045,1.625,3.95,0.567602352,0.935328142,0.047515988,0.07700625,0.05379375,0.0023875,1.875,0,0,0,0.183125,2,0,468.3740979,113.8284111,354.5456868,3.5,468.3740979,469.3740979,0.5,-0.015828653,2.262904871,0.705721836,0.152520148,0,0.000338837,0.415386729,0.177933483,0.065969585,0.046242499,0.294086675,0.108405893,0.62,0.047905865,11.31776434,0.704267706,0.23724772,0.770540923,0.196663199,0.311925875,0.272276686,0.230276222,0.372209854,0.40478303,0.240246644,0.58295318,396.2857143,5.293491026,118.1428571,2.848041039,0.88689306,0.600452874,-0.042882846,22543796.41,2472172.868,65.75,0.30212105,0.177720032,1.237125625,32.07470512,19.71428571,1.421088014,0.047142857,0,1.834285714,4.941428571,5.492857143,0.951020408,0,0.254825387,0.063120867,0.435022296,0.056030201,0.422961845,0.197004254,0.016198178,18.44712959,39.93540196,4.927368191,0.955518954,0.034721847,0.790623412,0.176333605,0.768004908,0.199305888,0.751938254,0.213926141,88.31,70.27,138.5,39.05,8092,5.72,49.48,3353,2138,2411,0,52.28,1251,803.7,55.56,1.03,50.17,0.001251,48.70873786,40103.91687,823.3413269,-0.668153105,-0.107142857,0.579066024,-0.035714286,0,0.428571429
21,US3E,1134.233333,4.1975,1.75,11.75,0.42775521,0.001431546,1.016563962,0.06823125,6.88E-05,0.04439375,1.5,0.5,0.25,2.125,0.525,4.375,2.407218514,262.0060399,308.9573449,1.403746598,6.25,310.3610915,237.5078555,0.75,-0.009106818,2.403729423,0.61718853,0.168858505,0.000585459,0.001068702,0.355666234,0.104625871,0.15499907,0.001786782,0.290383422,0.087992519,0.611428571,0.134608717,10.19747886,0.660174573,0.262680409,0.615844525,0.32774412,0.296110666,0.354524933,0.198066561,0.620618537,0.592440368,0.232696976,0.54911873,402.1428571,5.306267465,103,2.798204547,0.886430378,0.610557663,-0.356322653,8702989.53,355997.1532,66.5,0.21708772,0.278613358,1.008658012,23.57339096,14.2,1.205923126,0.042857143,0.001428571,1.748571429,4.804285714,5.378571429,0.880952381,0,0.320069404,0.049658572,0.517654607,0.050191934,0.465800076,0.173879547,0.012472378,12.71579618,34.385477,3.796924615,0.747490919,0.21010174,0.643861131,0.301006287,0.627160433,0.318760657,0.606166074,0.347873961,94.24,90.31,46.35,35.47,9815,4.77,48.49,3573,1946,1207,0,75.07,1002,634.8,40.44,0.86,49.5,0.001002,57.55813953,49401.1976,858.2834331,-0.353553391,-0.8,0.707106781,0.5,0.7,-0.5
22,US3H,737.0166667,4.212,2,7.7,0.656808145,0,0.996050201,0.0663,0,0.047666667,0.8,0.9,0.2,1.9,0.4715,3.8,8.065017585,320.4312624,329.127966,0,7,329.127966,122.7672189,0.4,-0.003416276,4.81110086,0.61111395,0.241539048,0.00036444,0.000110507,0.179162389,0.028266311,0.415270136,0.003829751,0.304466737,0.11511526,0.9,0.095058711,11.5018306,0.577187561,0.372304155,0.648993317,0.318311916,0.362366985,0.24430562,0.257373497,0.52758522,0.521465254,0.244168655,0.552547194,372.5,5.129764192,105.6,2.967041505,0.868061561,0.636602709,NA,6300608.711,294325.7754,66.4,0.277154072,0.177114974,1.292726368,33.52068011,16.9,1.278845332,0.056,0.013,2.501,6.042,7.132,0.848333333,0,0.207623622,0.109172978,0.43262116,0.097801815,0.378892829,0.234366182,0.009139409,15.84360775,38.77049621,5.482844266,0.919667455,0.067056152,0.685737654,0.283885428,0.661221563,0.307582938,0.614576531,0.353705175,85.01,84.05,146.2,48.11,6576,5.12,50.97,2929,1991,2563,0,65.68,794.1,716.9,36.41,1,50.2,0.0007941,50.2,63216.21962,1259.287243,NA,-0.236363636,NA,0.43030303,0.587878788,-0.442424242
23,US3M,912.9166667,4.04375,2.125,5.25,0.514083534,0,0.979166667,0.070275,0,0.02585,2.25,0.75,0.25,1,0.4105,4.625,4.860591962,326.1739309,331.0345228,0,7,331.0345228,142.0057537,3.75,-0.073616576,4.586509979,0.766113634,0.112539832,0.000366917,0.000664902,0.362020236,0.080564864,0.32138336,0.002279619,0.253051453,0.113127435,0.68,0.072504777,12.4177977,0.813187272,0.155685563,0.848888583,0.121229202,0.305225851,0.381417858,0.204194782,0.624165028,0.518986704,0.246818058,0.515797501,382,5.241911761,101.4285714,2.527937349,0.883179759,0.548386797,-0.092077835,9467507.498,365285.0978,67,0.306724043,0.241739906,1.114072462,27.44103082,18.71428571,1.375657555,0.04,0.005,1.8875,4.83625,5.62875,0.841666667,0,0.231937159,0.088300514,0.420227441,0.080732127,0.389041221,0.201502321,0.019158031,18.99321319,42.7279632,5.257398344,0.839014234,0.147647986,0.876959944,0.09592244,0.852144725,0.11882178,0.825158793,0.144570597,112.32,112.32,94.61,55.29,8688,5.69,56.87,3713,2728,2302,0,70.66,1250,753.2,128.1,0.86,50.35,0.00125,58.54651163,40280,688,-0.222717702,-0.357142857,0.534522484,0.285714286,0.071428571,0.142857143
24,US3P,848.6,4.33875,1.375,11.25,0.560949133,0.949963216,0.064116689,0.07811875,0.04374375,0.00365,1.875,0.75,0,1.625,0.523625,4.25,114.7525045,672.5677015,421.1920182,400.9180657,6.5,822.110084,561.0605572,0.75,-0.005823816,5.720390424,0.632048342,0.201708197,0.000114286,0.015724122,0.383884022,0.078341848,0.166369087,0.006048278,0.331464423,0.087153851,0.63875,0.051716189,11.90727483,0.732868302,0.234349623,0.774198566,0.203706947,0.214412718,0.381285452,0.172398776,0.626172194,0.538838891,0.197050977,0.485335057,378.5,5.165659659,119,3.087177366,0.891711373,0.648074916,-0.475049764,6665600.02,301120.3534,66.25,0.279434388,0.328247481,1.274177382,36.4137497,16,1.424613425,0.06125,0.0075,1.51,4.505,5.25375,0.811174243,0,0.299346152,0.055858443,0.460757222,0.044321343,0.407932215,0.15061549,0.023910432,17.54176833,40.6169156,5.130277562,0.900727269,0.030461526,0.80357348,0.176729294,0.77358237,0.204424618,0.779752979,0.200924663,149.81,139.01,128.5,44.89,12610,8.74,66.46,2672,3092,1419,0,147.1,875.9,945.5,29.09,0.84,48.03,0.0008759,57.17857143,54835.02683,959.013586,0.028988552,-0.085714286,0.115954207,0.257142857,0.542857143,-0.428571429